id;nom;prenom;created_at;update_at
1;calculate schemas;Account modular Concrete;2022-01-11;2022-01-11
2;Granite leading-edge;interfaces override;2022-01-10;2022-01-11
3;maximized;Sleek;2022-01-10;2022-01-10
4;Account Garden;de cross-platform;2022-01-11;2022-01-10
5;connecting a;Granite;2022-01-10;2022-01-11
6;Berkshire;value-added;2022-01-11;2022-01-11
7;a payment frictionless;calculate Decentralized États-Unis;2022-01-10;2022-01-11
8;Sausages;Oman Chat-qui-Pêche infrastructures;2022-01-11;2022-01-11
9;payment Bretagne;Electronics;2022-01-10;2022-01-10
10;Bacon Ingenieur;Table;2022-01-10;2022-01-11
