id;nom;nif;telehone;adresse;created_at;update_at
1;Pound c override;withdrawal plum Directeur;SQL Computers;Small matrix seamless;2022-01-10;2022-01-11
2;implement Specialiste;input;mindshare Lorraine;Gorgeous Bedfordshire;2022-01-11;2022-01-10
3;Rustic;Tunisie Health b;analyzer withdrawal;Checking c;2022-01-11;2022-01-10
4;Specialiste;Advanced;Developpeur;channels Peso;2022-01-11;2022-01-11
5;customer;b sky plum;Shirt Hat;Self-enabling;2022-01-11;2022-01-11
6;Incredible morph Assistant;Incredible open-source;functionalities Shoes;Granite;2022-01-10;2022-01-10
7;Operative;best-of-breed Bedfordshire;Auvergne;directional content;2022-01-11;2022-01-11
8;action-items Limousin b;synthesize Inverse system;Licensed Account generate;transmitter ÃŽles;2022-01-11;2022-01-11
9;Laffitte;proactive;hack optical Buckinghamshire;harness Zadkine redundant;2022-01-11;2022-01-11
10;c redundant;c;capacitor real-time Renminbi;full-range;2022-01-11;2022-01-11
